group1,group2,mean_rank_diff,z_statistic,p_value_raw,p_value_bonferroni,significant,interpretation,parametric_equivalent
Drenthe (PV),Flevoland (PV),-834.5094,-5.8578,4.6901e-09,8.0200e-07,True,Flevoland (PV) significant hogere rangorde doorlooptijd,tukey_hsd (results/2_regional_anova_posthoc.csv)
Drenthe (PV),Groningen (PV),-580.8797,-4.0775,4.5529e-05,0.007785,True,Groningen (PV) significant hogere rangorde doorlooptijd,tukey_hsd (results/2_regional_anova_posthoc.csv)
Drenthe (PV),Limburg (PV),-1241.5695,-8.7152,<1e-16,<1e-16,True,Limburg (PV) significant hogere rangorde doorlooptijd,tukey_hsd (results/2_regional_anova_posthoc.csv)
Drenthe (PV),Matig stedelijk,-851.1243,-5.9744,2.3088e-09,3.9481e-07,True,Matig stedelijk significant hogere rangorde doorlooptijd,tukey_hsd (results/2_regional_anova_posthoc.csv)
Drenthe (PV),Nederland,-1555.9251,-10.9218,<1e-16,<1e-16,True,Nederland significant hogere rangorde doorlooptijd,tukey_hsd (results/2_regional_anova_posthoc.csv)
Drenthe (PV),Noord-Brabant (PV),-1386.5789,-9.733,<1e-16,<1e-16,True,Noord-Brabant (PV) significant hogere rangorde doorlooptijd,tukey_hsd (results/2_regional_anova_posthoc.csv)
Drenthe (PV),Noord-Holland (PV),-2751.7928,-19.3161,<1e-16,<1e-16,True,Noord-Holland (PV) significant hogere rangorde doorlooptijd,tukey_hsd (results/2_regional_anova_posthoc.csv)
Drenthe (PV),Sterk stedelijk,-1416.8556,-9.9456,<1e-16,<1e-16,True,Sterk stedelijk significant hogere rangorde doorlooptijd,tukey_hsd (results/2_regional_anova_posthoc.csv)
Drenthe (PV),Utrecht (PV),-1968.619,-13.8187,<1e-16,<1e-16,True,Utrecht (PV) significant hogere rangorde doorlooptijd,tukey_hsd (results/2_regional_anova_posthoc.csv)
Drenthe (PV),Zeeland (PV),-1013.7955,-7.1163,1.1087e-12,1.8958e-10,True,Zeeland (PV) significant hogere rangorde doorlooptijd,tukey_hsd (results/2_regional_anova_posthoc.csv)
Drenthe (PV),Zeer sterk stedelijk,-2739.762,-19.2317,<1e-16,<1e-16,True,Zeer sterk stedelijk significant hogere rangorde doorlooptijd,tukey_hsd (results/2_regional_anova_posthoc.csv)
Drenthe (PV),Zuid-Holland (PV),-1890.8997,-13.2731,<1e-16,<1e-16,True,Zuid-Holland (PV) significant hogere rangorde doorlooptijd,tukey_hsd (results/2_regional_anova_posthoc.csv)
Flevoland (PV),Fryslân (PV),983.1484,6.9012,5.1572e-12,8.8188e-10,True,Flevoland (PV) significant hogere rangorde doorlooptijd,tukey_hsd (results/2_regional_anova_posthoc.csv)
Flevoland (PV),Nederland,-721.4158,-5.064,4.1065e-07,7.0221e-05,True,Nederland significant hogere rangorde doorlooptijd,tukey_hsd (results/2_regional_anova_posthoc.csv)
Flevoland (PV),Niet stedelijk,606.877,4.26,2.0447e-05,0.003496,True,Flevoland (PV) significant hogere rangorde doorlooptijd,tukey_hsd (results/2_regional_anova_posthoc.csv)
Flevoland (PV),Noord-Brabant (PV),-552.0695,-3.8752,1.0652e-04,0.018215,True,Noord-Brabant (PV) significant hogere rangorde doorlooptijd,tukey_hsd (results/2_regional_anova_posthoc.csv)
Flevoland (PV),Noord-Holland (PV),-1917.2834,-13.4583,<1e-16,<1e-16,True,Noord-Holland (PV) significant hogere rangorde doorlooptijd,tukey_hsd (results/2_regional_anova_posthoc.csv)
Flevoland (PV),Overijssel (PV),1228.5294,8.6236,<1e-16,<1e-16,True,Flevoland (PV) significant hogere rangorde doorlooptijd,tukey_hsd (results/2_regional_anova_posthoc.csv)
Flevoland (PV),Sterk stedelijk,-582.3463,-4.0878,4.3556e-05,0.007448,True,Sterk stedelijk significant hogere rangorde doorlooptijd,tukey_hsd (results/2_regional_anova_posthoc.csv)
Flevoland (PV),Utrecht (PV),-1134.1096,-7.9608,1.7764e-15,3.0376e-13,True,Utrecht (PV) significant hogere rangorde doorlooptijd,tukey_hsd (results/2_regional_anova_posthoc.csv)
Flevoland (PV),Zeer sterk stedelijk,-1905.2527,-13.3739,<1e-16,<1e-16,True,Zeer sterk stedelijk significant hogere rangorde doorlooptijd,tukey_hsd (results/2_regional_anova_posthoc.csv)
Flevoland (PV),Zuid-Holland (PV),-1056.3904,-7.4153,1.2146e-13,2.0769e-11,True,Zuid-Holland (PV) significant hogere rangorde doorlooptijd,tukey_hsd (results/2_regional_anova_posthoc.csv)
Fryslân (PV),Groningen (PV),-729.5187,-5.1208,3.0419e-07,5.2016e-05,True,Groningen (PV) significant hogere rangorde doorlooptijd,tukey_hsd (results/2_regional_anova_posthoc.csv)
Fryslân (PV),Limburg (PV),-1390.2086,-9.7585,<1e-16,<1e-16,True,Limburg (PV) significant hogere rangorde doorlooptijd,tukey_hsd (results/2_regional_anova_posthoc.csv)
Fryslân (PV),Matig stedelijk,-999.7634,-7.0178,2.2538e-12,3.8539e-10,True,Matig stedelijk significant hogere rangorde doorlooptijd,tukey_hsd (results/2_regional_anova_posthoc.csv)
Fryslân (PV),Nederland,-1704.5642,-11.9651,<1e-16,<1e-16,True,Nederland significant hogere rangorde doorlooptijd,tukey_hsd (results/2_regional_anova_posthoc.csv)
Fryslân (PV),Noord-Brabant (PV),-1535.2179,-10.7764,<1e-16,<1e-16,True,Noord-Brabant (PV) significant hogere rangorde doorlooptijd,tukey_hsd (results/2_regional_anova_posthoc.csv)
Fryslân (PV),Noord-Holland (PV),-2900.4318,-20.3595,<1e-16,<1e-16,True,Noord-Holland (PV) significant hogere rangorde doorlooptijd,tukey_hsd (results/2_regional_anova_posthoc.csv)
Fryslân (PV),Sterk stedelijk,-1565.4947,-10.9889,<1e-16,<1e-16,True,Sterk stedelijk significant hogere rangorde doorlooptijd,tukey_hsd (results/2_regional_anova_posthoc.csv)
Fryslân (PV),Utrecht (PV),-2117.258,-14.862,<1e-16,<1e-16,True,Utrecht (PV) significant hogere rangorde doorlooptijd,tukey_hsd (results/2_regional_anova_posthoc.csv)
Fryslân (PV),Weinig stedelijk,-575.8342,-4.042,5.2986e-05,0.009061,True,Weinig stedelijk significant hogere rangorde doorlooptijd,tukey_hsd (results/2_regional_anova_posthoc.csv)
Fryslân (PV),Zeeland (PV),-1162.4345,-8.1597,4.4409e-16,7.5939e-14,True,Zeeland (PV) significant hogere rangorde doorlooptijd,tukey_hsd (results/2_regional_anova_posthoc.csv)
Fryslân (PV),Zeer sterk stedelijk,-2888.4011,-20.275,<1e-16,<1e-16,True,Zeer sterk stedelijk significant hogere rangorde doorlooptijd,tukey_hsd (results/2_regional_anova_posthoc.csv)
Fryslân (PV),Zuid-Holland (PV),-2039.5388,-14.3165,<1e-16,<1e-16,True,Zuid-Holland (PV) significant hogere rangorde doorlooptijd,tukey_hsd (results/2_regional_anova_posthoc.csv)
Gelderland (PV),Limburg (PV),-880.4652,-6.1804,6.3940e-10,1.0934e-07,True,Limburg (PV) significant hogere rangorde doorlooptijd,tukey_hsd (results/2_regional_anova_posthoc.csv)
Gelderland (PV),Nederland,-1194.8209,-8.387,<1e-16,<1e-16,True,Nederland significant hogere rangorde doorlooptijd,tukey_hsd (results/2_regional_anova_posthoc.csv)
Gelderland (PV),Noord-Brabant (PV),-1025.4746,-7.1983,6.0973e-13,1.0426e-10,True,Noord-Brabant (PV) significant hogere rangorde doorlooptijd,tukey_hsd (results/2_regional_anova_posthoc.csv)
Gelderland (PV),Noord-Holland (PV),-2390.6885,-16.7814,<1e-16,<1e-16,True,Noord-Holland (PV) significant hogere rangorde doorlooptijd,tukey_hsd (results/2_regional_anova_posthoc.csv)
Gelderland (PV),Overijssel (PV),755.1243,5.3006,1.1544e-07,1.9740e-05,True,Gelderland (PV) significant hogere rangorde doorlooptijd,tukey_hsd (results/2_regional_anova_posthoc.csv)
Gelderland (PV),Sterk stedelijk,-1055.7513,-7.4108,1.2546e-13,2.1453e-11,True,Sterk stedelijk significant hogere rangorde doorlooptijd,tukey_hsd (results/2_regional_anova_posthoc.csv)
Gelderland (PV),Utrecht (PV),-1607.5147,-11.2839,<1e-16,<1e-16,True,Utrecht (PV) significant hogere rangorde doorlooptijd,tukey_hsd (results/2_regional_anova_posthoc.csv)
Gelderland (PV),Zeeland (PV),-652.6912,-4.5815,4.6155e-06,7.8926e-04,True,Zeeland (PV) significant hogere rangorde doorlooptijd,tukey_hsd (results/2_regional_anova_posthoc.csv)
Gelderland (PV),Zeer sterk stedelijk,-2378.6578,-16.6969,<1e-16,<1e-16,True,Zeer sterk stedelijk significant hogere rangorde doorlooptijd,tukey_hsd (results/2_regional_anova_posthoc.csv)
Gelderland (PV),Zuid-Holland (PV),-1529.7955,-10.7383,<1e-16,<1e-16,True,Zuid-Holland (PV) significant hogere rangorde doorlooptijd,tukey_hsd (results/2_regional_anova_posthoc.csv)
Groningen (PV),Limburg (PV),-660.6898,-4.6377,3.5232e-06,6.0247e-04,True,Limburg (PV) significant hogere rangorde doorlooptijd,tukey_hsd (results/2_regional_anova_posthoc.csv)
Groningen (PV),Nederland,-975.0455,-6.8443,7.6850e-12,1.3141e-09,True,Nederland significant hogere rangorde doorlooptijd,tukey_hsd (results/2_regional_anova_posthoc.csv)
Groningen (PV),Noord-Brabant (PV),-805.6992,-5.6556,1.5532e-08,2.6560e-06,True,Noord-Brabant (PV) significant hogere rangorde doorlooptijd,tukey_hsd (results/2_regional_anova_posthoc.csv)
Groningen (PV),Noord-Holland (PV),-2170.9131,-15.2387,<1e-16,<1e-16,True,Noord-Holland (PV) significant hogere rangorde doorlooptijd,tukey_hsd (results/2_regional_anova_posthoc.csv)
Groningen (PV),Overijssel (PV),974.8997,6.8433,7.7403e-12,1.3236e-09,True,Groningen (PV) significant hogere rangorde doorlooptijd,tukey_hsd (results/2_regional_anova_posthoc.csv)
Groningen (PV),Sterk stedelijk,-835.9759,-5.8681,4.4080e-09,7.5377e-07,True,Sterk stedelijk significant hogere rangorde doorlooptijd,tukey_hsd (results/2_regional_anova_posthoc.csv)
Groningen (PV),Utrecht (PV),-1387.7393,-9.7412,<1e-16,<1e-16,True,Utrecht (PV) significant hogere rangorde doorlooptijd,tukey_hsd (results/2_regional_anova_posthoc.csv)
Groningen (PV),Zeer sterk stedelijk,-2158.8824,-15.1542,<1e-16,<1e-16,True,Zeer sterk stedelijk significant hogere rangorde doorlooptijd,tukey_hsd (results/2_regional_anova_posthoc.csv)
Groningen (PV),Zuid-Holland (PV),-1310.0201,-9.1956,<1e-16,<1e-16,True,Zuid-Holland (PV) significant hogere rangorde doorlooptijd,tukey_hsd (results/2_regional_anova_posthoc.csv)
Limburg (PV),Niet stedelijk,1013.9372,7.1173,1.1007e-12,1.8822e-10,True,Limburg (PV) significant hogere rangorde doorlooptijd,tukey_hsd (results/2_regional_anova_posthoc.csv)
Limburg (PV),Noord-Holland (PV),-1510.2233,-10.601,<1e-16,<1e-16,True,Noord-Holland (PV) significant hogere rangorde doorlooptijd,tukey_hsd (results/2_regional_anova_posthoc.csv)
Limburg (PV),Overijssel (PV),1635.5896,11.481,<1e-16,<1e-16,True,Limburg (PV) significant hogere rangorde doorlooptijd,tukey_hsd (results/2_regional_anova_posthoc.csv)
Limburg (PV),Stedelijkheid onbekend,2127.8421,4.2784,1.8820e-05,0.003218,True,Limburg (PV) significant hogere rangorde doorlooptijd,tukey_hsd (results/2_regional_anova_posthoc.csv)
Limburg (PV),Utrecht (PV),-727.0495,-5.1035,3.3343e-07,5.7016e-05,True,Utrecht (PV) significant hogere rangorde doorlooptijd,tukey_hsd (results/2_regional_anova_posthoc.csv)
Limburg (PV),Weinig stedelijk,814.3743,5.7165,1.0876e-08,1.8597e-06,True,Limburg (PV) significant hogere rangorde doorlooptijd,tukey_hsd (results/2_regional_anova_posthoc.csv)
Limburg (PV),Zeer sterk stedelijk,-1498.1925,-10.5165,<1e-16,<1e-16,True,Zeer sterk stedelijk significant hogere rangorde doorlooptijd,tukey_hsd (results/2_regional_anova_posthoc.csv)
Limburg (PV),Zuid-Holland (PV),-649.3302,-4.558,5.1655e-06,8.8330e-04,True,Zuid-Holland (PV) significant hogere rangorde doorlooptijd,tukey_hsd (results/2_regional_anova_posthoc.csv)
Matig stedelijk,Nederland,-704.8008,-4.9473,7.5240e-07,1.2866e-04,True,Nederland significant hogere rangorde doorlooptijd,tukey_hsd (results/2_regional_anova_posthoc.csv)
Matig stedelijk,Niet stedelijk,623.492,4.3766,1.2055e-05,0.002061,True,Matig stedelijk significant hogere rangorde doorlooptijd,tukey_hsd (results/2_regional_anova_posthoc.csv)
Matig stedelijk,Noord-Brabant (PV),-535.4545,-3.7586,1.7086e-04,0.029218,True,Noord-Brabant (PV) significant hogere rangorde doorlooptijd,tukey_hsd (results/2_regional_anova_posthoc.csv)
Matig stedelijk,Noord-Holland (PV),-1900.6684,-13.3417,<1e-16,<1e-16,True,Noord-Holland (PV) significant hogere rangorde doorlooptijd,tukey_hsd (results/2_regional_anova_posthoc.csv)
Matig stedelijk,Overijssel (PV),1245.1444,8.7403,<1e-16,<1e-16,True,Matig stedelijk significant hogere rangorde doorlooptijd,tukey_hsd (results/2_regional_anova_posthoc.csv)
Matig stedelijk,Sterk stedelijk,-565.7313,-3.9711,7.1532e-05,0.012232,True,Sterk stedelijk significant hogere rangorde doorlooptijd,tukey_hsd (results/2_regional_anova_posthoc.csv)
Matig stedelijk,Utrecht (PV),-1117.4947,-7.8442,4.4409e-15,7.5939e-13,True,Utrecht (PV) significant hogere rangorde doorlooptijd,tukey_hsd (results/2_regional_anova_posthoc.csv)
Matig stedelijk,Zeer sterk stedelijk,-1888.6377,-13.2572,<1e-16,<1e-16,True,Zeer sterk stedelijk significant hogere rangorde doorlooptijd,tukey_hsd (results/2_regional_anova_posthoc.csv)
Matig stedelijk,Zuid-Holland (PV),-1039.7754,-7.2987,2.9066e-13,4.9702e-11,True,Zuid-Holland (PV) significant hogere rangorde doorlooptijd,tukey_hsd (results/2_regional_anova_posthoc.csv)
Nederland,Niet stedelijk,1328.2928,9.3239,<1e-16,<1e-16,True,Nederland significant hogere rangorde doorlooptijd,tukey_hsd (results/2_regional_anova_posthoc.csv)
Nederland,Noord-Holland (PV),-1195.8676,-8.3944,<1e-16,<1e-16,True,Noord-Holland (PV) significant hogere rangorde doorlooptijd,tukey_hsd (results/2_regional_anova_posthoc.csv)
Nederland,Overijssel (PV),1949.9452,13.6876,<1e-16,<1e-16,True,Nederland significant hogere rangorde doorlooptijd,tukey_hsd (results/2_regional_anova_posthoc.csv)
Nederland,Stedelijkheid onbekend,2442.1977,4.9105,9.0834e-07,1.5533e-04,True,Nederland significant hogere rangorde doorlooptijd,tukey_hsd (results/2_regional_anova_posthoc.csv)
Nederland,Weinig stedelijk,1128.7299,7.9231,2.2204e-15,3.7970e-13,True,Nederland significant hogere rangorde doorlooptijd,tukey_hsd (results/2_regional_anova_posthoc.csv)
Nederland,Zeeland (PV),542.1297,3.8055,1.4154e-04,0.024203,True,Nederland significant hogere rangorde doorlooptijd,tukey_hsd (results/2_regional_anova_posthoc.csv)
Nederland,Zeer sterk stedelijk,-1183.8369,-8.3099,<1e-16,<1e-16,True,Zeer sterk stedelijk significant hogere rangorde doorlooptijd,tukey_hsd (results/2_regional_anova_posthoc.csv)
Niet stedelijk,Noord-Brabant (PV),-1158.9465,-8.1352,4.4409e-16,7.5939e-14,True,Noord-Brabant (PV) significant hogere rangorde doorlooptijd,tukey_hsd (results/2_regional_anova_posthoc.csv)
Niet stedelijk,Noord-Holland (PV),-2524.1604,-17.7183,<1e-16,<1e-16,True,Noord-Holland (PV) significant hogere rangorde doorlooptijd,tukey_hsd (results/2_regional_anova_posthoc.csv)
Niet stedelijk,Overijssel (PV),621.6524,4.3637,1.2790e-05,0.002187,True,Niet stedelijk significant hogere rangorde doorlooptijd,tukey_hsd (results/2_regional_anova_posthoc.csv)
Niet stedelijk,Sterk stedelijk,-1189.2233,-8.3477,<1e-16,<1e-16,True,Sterk stedelijk significant hogere rangorde doorlooptijd,tukey_hsd (results/2_regional_anova_posthoc.csv)
Niet stedelijk,Utrecht (PV),-1740.9866,-12.2208,<1e-16,<1e-16,True,Utrecht (PV) significant hogere rangorde doorlooptijd,tukey_hsd (results/2_regional_anova_posthoc.csv)
Niet stedelijk,Zeeland (PV),-786.1631,-5.5184,3.4201e-08,5.8484e-06,True,Zeeland (PV) significant hogere rangorde doorlooptijd,tukey_hsd (results/2_regional_anova_posthoc.csv)
Niet stedelijk,Zeer sterk stedelijk,-2512.1297,-17.6338,<1e-16,<1e-16,True,Zeer sterk stedelijk significant hogere rangorde doorlooptijd,tukey_hsd (results/2_regional_anova_posthoc.csv)
Niet stedelijk,Zuid-Holland (PV),-1663.2674,-11.6753,<1e-16,<1e-16,True,Zuid-Holland (PV) significant hogere rangorde doorlooptijd,tukey_hsd (results/2_regional_anova_posthoc.csv)
Noord-Brabant (PV),Noord-Holland (PV),-1365.2139,-9.5831,<1e-16,<1e-16,True,Noord-Holland (PV) significant hogere rangorde doorlooptijd,tukey_hsd (results/2_regional_anova_posthoc.csv)
Noord-Brabant (PV),Overijssel (PV),1780.5989,12.4989,<1e-16,<1e-16,True,Noord-Brabant (PV) significant hogere rangorde doorlooptijd,tukey_hsd (results/2_regional_anova_posthoc.csv)
Noord-Brabant (PV),Stedelijkheid onbekend,2272.8514,4.57,4.8768e-06,8.3394e-04,True,Noord-Brabant (PV) significant hogere rangorde doorlooptijd,tukey_hsd (results/2_regional_anova_posthoc.csv)
Noord-Brabant (PV),Utrecht (PV),-582.0401,-4.0856,4.3961e-05,0.007517,True,Utrecht (PV) significant hogere rangorde doorlooptijd,tukey_hsd (results/2_regional_anova_posthoc.csv)
Noord-Brabant (PV),Weinig stedelijk,959.3837,6.7344,1.6465e-11,2.8155e-09,True,Noord-Brabant (PV) significant hogere rangorde doorlooptijd,tukey_hsd (results/2_regional_anova_posthoc.csv)
Noord-Brabant (PV),Zeer sterk stedelijk,-1353.1832,-9.4986,<1e-16,<1e-16,True,Zeer sterk stedelijk significant hogere rangorde doorlooptijd,tukey_hsd (results/2_regional_anova_posthoc.csv)
Noord-Holland (PV),Overijssel (PV),3145.8128,22.0819,<1e-16,<1e-16,True,Noord-Holland (PV) significant hogere rangorde doorlooptijd,tukey_hsd (results/2_regional_anova_posthoc.csv)
Noord-Holland (PV),Stedelijkheid onbekend,3638.0653,7.3151,2.5735e-13,4.4007e-11,True,Noord-Holland (PV) significant hogere rangorde doorlooptijd,tukey_hsd (results/2_regional_anova_posthoc.csv)
Noord-Holland (PV),Sterk stedelijk,1334.9372,9.3705,<1e-16,<1e-16,True,Noord-Holland (PV) significant hogere rangorde doorlooptijd,tukey_hsd (results/2_regional_anova_posthoc.csv)
Noord-Holland (PV),Utrecht (PV),783.1738,5.4975,3.8529e-08,6.5885e-06,True,Noord-Holland (PV) significant hogere rangorde doorlooptijd,tukey_hsd (results/2_regional_anova_posthoc.csv)
Noord-Holland (PV),Weinig stedelijk,2324.5976,16.3174,<1e-16,<1e-16,True,Noord-Holland (PV) significant hogere rangorde doorlooptijd,tukey_hsd (results/2_regional_anova_posthoc.csv)
Noord-Holland (PV),Zeeland (PV),1737.9973,12.1998,<1e-16,<1e-16,True,Noord-Holland (PV) significant hogere rangorde doorlooptijd,tukey_hsd (results/2_regional_anova_posthoc.csv)
Noord-Holland (PV),Zuid-Holland (PV),860.893,6.043,1.5126e-09,2.5866e-07,True,Noord-Holland (PV) significant hogere rangorde doorlooptijd,tukey_hsd (results/2_regional_anova_posthoc.csv)
Overijssel (PV),Sterk stedelijk,-1810.8757,-12.7114,<1e-16,<1e-16,True,Sterk stedelijk significant hogere rangorde doorlooptijd,tukey_hsd (results/2_regional_anova_posthoc.csv)
Overijssel (PV),Utrecht (PV),-2362.639,-16.5845,<1e-16,<1e-16,True,Utrecht (PV) significant hogere rangorde doorlooptijd,tukey_hsd (results/2_regional_anova_posthoc.csv)
Overijssel (PV),Weinig stedelijk,-821.2152,-5.7645,8.1903e-09,1.4005e-06,True,Weinig stedelijk significant hogere rangorde doorlooptijd,tukey_hsd (results/2_regional_anova_posthoc.csv)
Overijssel (PV),Zeeland (PV),-1407.8155,-9.8821,<1e-16,<1e-16,True,Zeeland (PV) significant hogere rangorde doorlooptijd,tukey_hsd (results/2_regional_anova_posthoc.csv)
Overijssel (PV),Zeer sterk stedelijk,-3133.7821,-21.9975,<1e-16,<1e-16,True,Zeer sterk stedelijk significant hogere rangorde doorlooptijd,tukey_hsd (results/2_regional_anova_posthoc.csv)
Overijssel (PV),Zuid-Holland (PV),-2284.9198,-16.0389,<1e-16,<1e-16,True,Zuid-Holland (PV) significant hogere rangorde doorlooptijd,tukey_hsd (results/2_regional_anova_posthoc.csv)
Stedelijkheid onbekend,Sterk stedelijk,-2303.1282,-4.6309,3.6409e-06,6.2259e-04,True,Sterk stedelijk significant hogere rangorde doorlooptijd,tukey_hsd (results/2_regional_anova_posthoc.csv)
Stedelijkheid onbekend,Utrecht (PV),-2854.8915,-5.7403,9.4495e-09,1.6159e-06,True,Utrecht (PV) significant hogere rangorde doorlooptijd,tukey_hsd (results/2_regional_anova_posthoc.csv)
Stedelijkheid onbekend,Zeeland (PV),-1900.068,-3.8205,1.3320e-04,0.022777,True,Zeeland (PV) significant hogere rangorde doorlooptijd,tukey_hsd (results/2_regional_anova_posthoc.csv)
Stedelijkheid onbekend,Zeer sterk stedelijk,-3626.0346,-7.2909,3.0798e-13,5.2664e-11,True,Zeer sterk stedelijk significant hogere rangorde doorlooptijd,tukey_hsd (results/2_regional_anova_posthoc.csv)
Stedelijkheid onbekend,Zuid-Holland (PV),-2777.1723,-5.5841,2.3497e-08,4.0181e-06,True,Zuid-Holland (PV) significant hogere rangorde doorlooptijd,tukey_hsd (results/2_regional_anova_posthoc.csv)
Sterk stedelijk,Utrecht (PV),-551.7634,-3.8731,1.0747e-04,0.018377,True,Utrecht (PV) significant hogere rangorde doorlooptijd,tukey_hsd (results/2_regional_anova_posthoc.csv)
Sterk stedelijk,Weinig stedelijk,989.6604,6.9469,3.7343e-12,6.3857e-10,True,Sterk stedelijk significant hogere rangorde doorlooptijd,tukey_hsd (results/2_regional_anova_posthoc.csv)
Sterk stedelijk,Zeer sterk stedelijk,-1322.9064,-9.2861,<1e-16,<1e-16,True,Zeer sterk stedelijk significant hogere rangorde doorlooptijd,tukey_hsd (results/2_regional_anova_posthoc.csv)
Utrecht (PV),Weinig stedelijk,1541.4238,10.82,<1e-16,<1e-16,True,Utrecht (PV) significant hogere rangorde doorlooptijd,tukey_hsd (results/2_regional_anova_posthoc.csv)
Utrecht (PV),Zeeland (PV),954.8235,6.7024,2.0509e-11,3.5070e-09,True,Utrecht (PV) significant hogere rangorde doorlooptijd,tukey_hsd (results/2_regional_anova_posthoc.csv)
Utrecht (PV),Zeer sterk stedelijk,-771.143,-5.413,6.1973e-08,1.0597e-05,True,Zeer sterk stedelijk significant hogere rangorde doorlooptijd,tukey_hsd (results/2_regional_anova_posthoc.csv)
Weinig stedelijk,Zeeland (PV),-586.6003,-4.1176,3.8280e-05,0.006546,True,Zeeland (PV) significant hogere rangorde doorlooptijd,tukey_hsd (results/2_regional_anova_posthoc.csv)
Weinig stedelijk,Zeer sterk stedelijk,-2312.5668,-16.233,<1e-16,<1e-16,True,Zeer sterk stedelijk significant hogere rangorde doorlooptijd,tukey_hsd (results/2_regional_anova_posthoc.csv)
Weinig stedelijk,Zuid-Holland (PV),-1463.7045,-10.2744,<1e-16,<1e-16,True,Zuid-Holland (PV) significant hogere rangorde doorlooptijd,tukey_hsd (results/2_regional_anova_posthoc.csv)
Zeeland (PV),Zeer sterk stedelijk,-1725.9666,-12.1154,<1e-16,<1e-16,True,Zeer sterk stedelijk significant hogere rangorde doorlooptijd,tukey_hsd (results/2_regional_anova_posthoc.csv)
Zeeland (PV),Zuid-Holland (PV),-877.1043,-6.1568,7.4227e-10,1.2693e-07,True,Zuid-Holland (PV) significant hogere rangorde doorlooptijd,tukey_hsd (results/2_regional_anova_posthoc.csv)
Zeer sterk stedelijk,Zuid-Holland (PV),848.8623,5.9586,2.5447e-09,4.3514e-07,True,Zeer sterk stedelijk significant hogere rangorde doorlooptijd,tukey_hsd (results/2_regional_anova_posthoc.csv)
